5936.jpg,tiger
7288.jpg,tiger
9755.jpg,tiger
1725.jpg,tiger
8981.jpg,tiger
8382.jpg,tiger
1730.jpg,tiger
1285.jpg,tiger
2082.jpg,tiger
3069.jpg,tiger
5571.jpg,tiger
2594.jpg,tiger
5810.jpg,tiger
5455.jpg,tiger
1635.jpg,tiger
3424.jpg,tiger
2605.jpg,tiger
4069.jpg,tiger
5063.jpg,tiger
8777.jpg,tiger
5874.jpg,tiger
6172.jpg,tiger
796.jpg,tiger
6294.jpg,tiger
8670.jpg,tiger
7749.jpg,tiger
6457.jpg,tiger
5006.jpg,tiger
1986.jpg,tiger
1103.jpg,tiger
1687.jpg,tiger
3660.jpg,tiger
4800.jpg,tiger
3155.jpg,tiger
2855.jpg,tiger
3477.jpg,tiger
2666.jpg,tiger
3738.jpg,tiger
2351.jpg,tiger
723.jpg,tiger
9153.jpg,tiger
3026.jpg,tiger
4358.jpg,tiger
431.jpg,tiger
6530.jpg,tiger
720.jpg,tiger
9636.jpg,tiger
571.jpg,tiger
8561.jpg,tiger
7215.jpg,tiger
5808.jpg,tiger
8809.jpg,tiger
132.jpg,tiger
4233.jpg,tiger
7683.jpg,tiger
5628.jpg,tiger
562.jpg,tiger
1510.jpg,tiger
6848.jpg,tiger
3224.jpg,tiger
8734.jpg,tiger
7642.jpg,tiger
5452.jpg,tiger
6324.jpg,tiger
5366.jpg,tiger
9486.jpg,tiger
7115.jpg,tiger
8783.jpg,tiger
9945.jpg,tiger
8046.jpg,tiger
8730.jpg,tiger
3572.jpg,tiger
2796.jpg,tiger
2385.jpg,tiger
2371.jpg,tiger
8011.jpg,tiger
3089.jpg,tiger
2697.jpg,tiger
4545.jpg,tiger
2615.jpg,tiger
8305.jpg,tiger
4623.jpg,tiger
3500.jpg,tiger
1534.jpg,tiger
6710.jpg,tiger
4298.jpg,tiger
2148.jpg,tiger
3130.jpg,tiger
4600.jpg,tiger
5148.jpg,tiger
8449.jpg,tiger
2242.jpg,tiger
5728.jpg,tiger
8262.jpg,tiger
7457.jpg,tiger
6377.jpg,tiger
2058.jpg,tiger
4484.jpg,tiger
6876.jpg,tiger
6887.jpg,tiger
9043.jpg,tiger
8736.jpg,tiger
3151.jpg,tiger
3384.jpg,tiger
8287.jpg,tiger
9816.jpg,tiger
3369.jpg,tiger
2253.jpg,tiger
693.jpg,tiger
6760.jpg,tiger
9506.jpg,tiger
764.jpg,tiger
2055.jpg,tiger
1718.jpg,tiger
1096.jpg,tiger
8617.jpg,tiger
2405.jpg,tiger
186.jpg,tiger
4793.jpg,tiger
215.jpg,tiger
5618.jpg,tiger
2450.jpg,tiger
8685.jpg,tiger
3872.jpg,tiger
171.jpg,tiger
8875.jpg,tiger
6448.jpg,tiger
6278.jpg,tiger
7357.jpg,tiger
4941.jpg,tiger
3403.jpg,tiger
5344.jpg,tiger
4388.jpg,tiger
619.jpg,tiger
2295.jpg,tiger
524.jpg,tiger
9177.jpg,tiger
1624.jpg,tiger
8203.jpg,tiger
478.jpg,tiger
3579.jpg,tiger
3162.jpg,tiger
5647.jpg,tiger
4063.jpg,tiger
3410.jpg,tiger
318.jpg,tiger
7373.jpg,tiger
2.jpg,tiger
886.jpg,tiger
6999.jpg,tiger
8088.jpg,tiger
8168.jpg,tiger
4677.jpg,tiger
5391.jpg,tiger
2717.jpg,tiger
8418.jpg,tiger
7663.jpg,tiger
3131.jpg,tiger
4900.jpg,tiger
2805.jpg,tiger
4362.jpg,tiger
9290.jpg,tiger
9913.jpg,tiger
5511.jpg,tiger
8142.jpg,tiger
2785.jpg,tiger
6788.jpg,tiger
9964.jpg,tiger
9431.jpg,tiger
3708.jpg,tiger
6409.jpg,tiger
6618.jpg,tiger
6763.jpg,tiger
2899.jpg,tiger
3135.jpg,tiger
857.jpg,tiger
2819.jpg,tiger
6222.jpg,tiger
4947.jpg,tiger
4099.jpg,tiger
2059.jpg,tiger
9015.jpg,tiger
2149.jpg,tiger
5623.jpg,tiger
3823.jpg,tiger
5872.jpg,tiger
3501.jpg,tiger
8365.jpg,tiger
2738.jpg,tiger
4241.jpg,tiger
3854.jpg,tiger
8484.jpg,tiger
2011.jpg,tiger
4774.jpg,tiger
2907.jpg,tiger
9498.jpg,tiger
481.jpg,tiger
7548.jpg,tiger
9458.jpg,tiger
3117.jpg,tiger
9551.jpg,tiger
4131.jpg,tiger
5762.jpg,tiger
865.jpg,tiger
6830.jpg,tiger
373.jpg,tiger
6698.jpg,tiger
2180.jpg,tiger
1768.jpg,tiger
2502.jpg,tiger
3071.jpg,tiger
2996.jpg,tiger
3574.jpg,tiger
4768.jpg,tiger
3625.jpg,tiger
3494.jpg,tiger
7269.jpg,tiger
9578.jpg,tiger
1672.jpg,tiger
4993.jpg,tiger
3102.jpg,tiger
3665.jpg,tiger
6019.jpg,tiger
613.jpg,tiger
4690.jpg,tiger
3741.jpg,tiger
1437.jpg,tiger
901.jpg,tiger
1494.jpg,tiger
3058.jpg,tiger
2484.jpg,tiger
5309.jpg,tiger
2916.jpg,tiger
2665.jpg,tiger
7786.jpg,tiger
4415.jpg,tiger
3853.jpg,tiger
8645.jpg,tiger
3051.jpg,tiger
2250.jpg,tiger
8751.jpg,tiger
9335.jpg,tiger
9128.jpg,tiger
7674.jpg,tiger
701.jpg,tiger
4198.jpg,tiger
4396.jpg,tiger
3315.jpg,tiger
1310.jpg,tiger
916.jpg,tiger
7887.jpg,tiger
3586.jpg,tiger
762.jpg,tiger
6846.jpg,tiger
3292.jpg,tiger
2211.jpg,tiger
5738.jpg,tiger
4672.jpg,tiger
267.jpg,tiger
2725.jpg,tiger
520.jpg,tiger
803.jpg,tiger
5231.jpg,tiger
7355.jpg,tiger
2724.jpg,tiger
2370.jpg,tiger
1083.jpg,tiger
2536.jpg,tiger
5812.jpg,tiger
5448.jpg,tiger
1454.jpg,tiger
1949.jpg,tiger
4435.jpg,tiger
4807.jpg,tiger
4037.jpg,tiger
7951.jpg,tiger
8871.jpg,tiger
5048.jpg,tiger
4743.jpg,tiger
4635.jpg,tiger
6806.jpg,tiger
3320.jpg,tiger
5376.jpg,tiger
9033.jpg,tiger
1121.jpg,tiger
6258.jpg,tiger
6482.jpg,tiger
7298.jpg,tiger
9242.jpg,tiger
8112.jpg,tiger
1668.jpg,tiger
2341.jpg,tiger
9018.jpg,tiger
7709.jpg,tiger
344.jpg,tiger
3347.jpg,tiger
8566.jpg,tiger
2712.jpg,tiger
4279.jpg,tiger
638.jpg,tiger
5829.jpg,tiger
6614.jpg,tiger
4985.jpg,tiger
6151.jpg,tiger
1575.jpg,tiger
6056.jpg,tiger
5935.jpg,tiger
5335.jpg,tiger
1960.jpg,tiger
642.jpg,tiger
906.jpg,tiger
379.jpg,tiger
114.jpg,tiger
44.jpg,tiger
5211.jpg,tiger
2257.jpg,tiger
4808.jpg,tiger
2249.jpg,tiger
2119.jpg,tiger
1274.jpg,tiger
3024.jpg,tiger
5356.jpg,tiger
6446.jpg,tiger
5926.jpg,tiger
3826.jpg,tiger
2118.jpg,tiger
2289.jpg,tiger
5982.jpg,tiger
7976.jpg,tiger
2020.jpg,tiger
5019.jpg,tiger
6565.jpg,tiger
729.jpg,tiger
4962.jpg,tiger
5445.jpg,tiger
8134.jpg,tiger
2110.jpg,tiger
513.jpg,tiger
1990.jpg,tiger
2024.jpg,tiger
4559.jpg,tiger
2347.jpg,tiger
3088.jpg,tiger
1446.jpg,tiger
9141.jpg,tiger
5151.jpg,tiger
3560.jpg,tiger
7907.jpg,tiger
9468.jpg,tiger
7222.jpg,tiger
1066.jpg,tiger
6580.jpg,tiger
7544.jpg,tiger
4521.jpg,tiger
6115.jpg,tiger
4263.jpg,tiger
4168.jpg,tiger
8731.jpg,tiger
2893.jpg,tiger
120.jpg,tiger
4478.jpg,tiger
6912.jpg,tiger
3013.jpg,tiger
7287.jpg,tiger
9466.jpg,tiger
8661.jpg,tiger
6543.jpg,tiger
3253.jpg,tiger
5899.jpg,tiger
5227.jpg,tiger
811.jpg,tiger
8727.jpg,tiger
4517.jpg,tiger
4628.jpg,tiger
9095.jpg,tiger
695.jpg,tiger
7575.jpg,tiger
3538.jpg,tiger
2788.jpg,tiger
7512.jpg,tiger
9746.jpg,tiger
6086.jpg,tiger
14.jpg,tiger
4174.jpg,tiger
4992.jpg,tiger
8322.jpg,tiger
8412.jpg,tiger
7992.jpg,tiger
7687.jpg,tiger
9382.jpg,tiger
9249.jpg,tiger
1228.jpg,tiger
2707.jpg,tiger
8993.jpg,tiger
5016.jpg,tiger
1189.jpg,tiger
3163.jpg,tiger
9765.jpg,tiger
5210.jpg,tiger
6604.jpg,tiger
8636.jpg,tiger
1846.jpg,tiger
8069.jpg,tiger
8632.jpg,tiger
1636.jpg,tiger
5925.jpg,tiger
4482.jpg,tiger
2892.jpg,tiger
2378.jpg,tiger
1171.jpg,tiger
1663.jpg,tiger
6868.jpg,tiger
2255.jpg,tiger
8050.jpg,tiger
9288.jpg,tiger
3746.jpg,tiger
3667.jpg,tiger
7064.jpg,tiger
6886.jpg,tiger
3266.jpg,tiger
4773.jpg,tiger
230.jpg,tiger
5192.jpg,tiger
7305.jpg,tiger
9568.jpg,tiger
1677.jpg,tiger
3306.jpg,tiger
8825.jpg,tiger
7274.jpg,tiger
2339.jpg,tiger
5849.jpg,tiger
8236.jpg,tiger
2760.jpg,tiger
8576.jpg,tiger
8689.jpg,tiger
7114.jpg,tiger
3417.jpg,tiger
9116.jpg,tiger
2611.jpg,tiger
5058.jpg,tiger
2272.jpg,tiger
3747.jpg,tiger
8950.jpg,tiger
6105.jpg,tiger
272.jpg,tiger
6948.jpg,tiger
4351.jpg,tiger
8917.jpg,tiger
6321.jpg,tiger
1666.jpg,tiger
627.jpg,tiger
9588.jpg,tiger
6326.jpg,tiger
753.jpg,tiger
7916.jpg,tiger
259.jpg,tiger
9097.jpg,tiger
3767.jpg,tiger
2995.jpg,tiger
3445.jpg,tiger
5788.jpg,tiger
639.jpg,tiger
4546.jpg,tiger
1762.jpg,tiger
1262.jpg,tiger
7778.jpg,tiger
1656.jpg,tiger
2894.jpg,tiger
5701.jpg,tiger
4334.jpg,tiger
9063.jpg,tiger
216.jpg,tiger
327.jpg,tiger
6365.jpg,tiger
8488.jpg,tiger
7366.jpg,tiger
5566.jpg,tiger
2139.jpg,tiger
7353.jpg,tiger
5290.jpg,tiger
5080.jpg,tiger
4990.jpg,tiger
7150.jpg,tiger
4476.jpg,tiger
2833.jpg,tiger
1991.jpg,tiger
2557.jpg,tiger
8259.jpg,tiger
4417.jpg,tiger
9143.jpg,tiger
2128.jpg,tiger
2923.jpg,tiger
4000.jpg,tiger
940.jpg,tiger
1957.jpg,tiger
8081.jpg,tiger
8352.jpg,tiger
8156.jpg,tiger
4511.jpg,tiger
8229.jpg,tiger
3142.jpg,tiger
9419.jpg,tiger
9393.jpg,tiger
6264.jpg,tiger
5023.jpg,tiger
1840.jpg,tiger
8077.jpg,tiger
9472.jpg,tiger
3440.jpg,tiger
292.jpg,tiger
5789.jpg,tiger
8133.jpg,tiger
556.jpg,tiger
1643.jpg,tiger
165.jpg,tiger
3030.jpg,tiger
2518.jpg,tiger
9875.jpg,tiger
6312.jpg,tiger
7497.jpg,tiger
8388.jpg,tiger
4968.jpg,tiger
8915.jpg,tiger
112.jpg,tiger
5851.jpg,tiger
278.jpg,tiger
7018.jpg,tiger
3457.jpg,tiger
2770.jpg,tiger
9876.jpg,tiger
8863.jpg,tiger
7371.jpg,tiger
9658.jpg,tiger
6165.jpg,tiger
4409.jpg,tiger
9294.jpg,tiger
9410.jpg,tiger
7627.jpg,tiger
8162.jpg,tiger
3229.jpg,tiger
4945.jpg,tiger
341.jpg,tiger
2327.jpg,tiger
6755.jpg,tiger
2201.jpg,tiger
3506.jpg,tiger
9147.jpg,tiger
8600.jpg,tiger
2006.jpg,tiger
9681.jpg,tiger
8117.jpg,tiger
4783.jpg,tiger
2829.jpg,tiger
2622.jpg,tiger
191.jpg,tiger
8460.jpg,tiger
9640.jpg,tiger
5495.jpg,tiger
7281.jpg,tiger
4252.jpg,tiger
7179.jpg,tiger
1588.jpg,tiger
2776.jpg,tiger
9407.jpg,tiger
2681.jpg,tiger
1839.jpg,tiger
1183.jpg,tiger
6815.jpg,tiger
7046.jpg,tiger
8728.jpg,tiger
3448.jpg,tiger
1319.jpg,tiger
7857.jpg,tiger
8423.jpg,tiger
6676.jpg,tiger
8717.jpg,tiger
605.jpg,tiger
3289.jpg,tiger
961.jpg,tiger
2235.jpg,tiger
1695.jpg,tiger
4959.jpg,tiger
6786.jpg,tiger
5439.jpg,tiger
1597.jpg,tiger
7954.jpg,tiger
9162.jpg,tiger
8934.jpg,tiger
4180.jpg,tiger
8483.jpg,tiger
5809.jpg,tiger
8346.jpg,tiger
6062.jpg,tiger
5240.jpg,tiger
4714.jpg,tiger
3466.jpg,tiger
3444.jpg,tiger
1098.jpg,tiger
8715.jpg,tiger
4310.jpg,tiger
1596.jpg,tiger
4964.jpg,tiger
414.jpg,tiger
175.jpg,tiger
4.jpg,tiger
421.jpg,tiger
5635.jpg,tiger
7957.jpg,tiger
3281.jpg,tiger
9390.jpg,tiger
2754.jpg,tiger
7576.jpg,tiger
154.jpg,tiger
8850.jpg,tiger
7342.jpg,tiger
1860.jpg,tiger
5406.jpg,tiger
5374.jpg,tiger
2336.jpg,tiger
6979.jpg,tiger
7964.jpg,tiger
3955.jpg,tiger
9624.jpg,tiger
6907.jpg,tiger
7991.jpg,tiger
6091.jpg,tiger
6090.jpg,tiger
7845.jpg,tiger
2078.jpg,tiger
316.jpg,tiger
262.jpg,tiger
1947.jpg,tiger
6422.jpg,tiger
1417.jpg,tiger
7386.jpg,tiger
7062.jpg,tiger
5517.jpg,tiger
3276.jpg,tiger
4110.jpg,tiger
5473.jpg,tiger
8815.jpg,tiger
9953.jpg,tiger
8370.jpg,tiger
2319.jpg,tiger
3991.jpg,tiger
7941.jpg,tiger
3245.jpg,tiger
1051.jpg,tiger
3888.jpg,tiger
5617.jpg,tiger
1227.jpg,tiger
2126.jpg,tiger
5074.jpg,tiger
4575.jpg,tiger
6455.jpg,tiger
5600.jpg,tiger
5979.jpg,tiger
1335.jpg,tiger
448.jpg,tiger
995.jpg,tiger
4366.jpg,tiger
2389.jpg,tiger
8095.jpg,tiger
2885.jpg,tiger
4809.jpg,tiger
631.jpg,tiger
3084.jpg,tiger
4029.jpg,tiger
3559.jpg,tiger
177.jpg,tiger
1211.jpg,tiger
3786.jpg,tiger
6913.jpg,tiger
3567.jpg,tiger
3714.jpg,tiger
2372.jpg,tiger
5071.jpg,tiger
7992.jpg,tiger
5923.jpg,tiger
9075.jpg,tiger
5819.jpg,tiger
720.jpg,tiger
5918.jpg,tiger
7099.jpg,tiger
4271.jpg,tiger
7950.jpg,tiger
627.jpg,tiger
4918.jpg,tiger
2788.jpg,tiger
6996.jpg,tiger
9697.jpg,tiger
2222.jpg,tiger
6693.jpg,tiger
6382.jpg,tiger
8775.jpg,tiger
7107.jpg,tiger
7571.jpg,tiger
3478.jpg,tiger
4295.jpg,tiger
9234.jpg,tiger
2374.jpg,tiger
3548.jpg,tiger
3747.jpg,tiger
6470.jpg,tiger
5856.jpg,tiger
3385.jpg,tiger
3940.jpg,tiger
9610.jpg,tiger
1255.jpg,tiger
5949.jpg,tiger
5657.jpg,tiger
2165.jpg,tiger
6603.jpg,tiger
4897.jpg,tiger
6083.jpg,tiger
8140.jpg,tiger
8972.jpg,tiger
917.jpg,tiger
9618.jpg,tiger
8275.jpg,tiger
1367.jpg,tiger
8200.jpg,tiger
8247.jpg,tiger
757.jpg,tiger
1778.jpg,tiger
4721.jpg,tiger
6250.jpg,tiger
6429.jpg,tiger
7717.jpg,tiger
2978.jpg,tiger
7787.jpg,tiger
3253.jpg,tiger
6652.jpg,tiger
8113.jpg,tiger
4716.jpg,tiger
8697.jpg,tiger
6147.jpg,tiger
5943.jpg,tiger
536.jpg,tiger
9699.jpg,tiger
5571.jpg,tiger
9970.jpg,tiger
412.jpg,tiger
3195.jpg,tiger
3172.jpg,tiger
4983.jpg,tiger
3420.jpg,tiger
4247.jpg,tiger
4534.jpg,tiger
6494.jpg,tiger
2154.jpg,tiger
4796.jpg,tiger
7296.jpg,tiger
9764.jpg,tiger
8254.jpg,tiger
9636.jpg,tiger
6820.jpg,tiger
2590.jpg,tiger
8716.jpg,tiger
2708.jpg,tiger
3860.jpg,tiger
1152.jpg,tiger
8.jpg,tiger
9584.jpg,tiger
9197.jpg,tiger
280.jpg,tiger
5752.jpg,tiger
9547.jpg,tiger
4992.jpg,tiger
1018.jpg,tiger
4406.jpg,tiger
9228.jpg,tiger
792.jpg,tiger
516.jpg,tiger
69.jpg,tiger
7373.jpg,tiger
8291.jpg,tiger
6632.jpg,tiger
9211.jpg,tiger
7712.jpg,tiger
8322.jpg,tiger
6905.jpg,tiger
4491.jpg,tiger
5080.jpg,tiger
8872.jpg,tiger
9799.jpg,tiger
4656.jpg,tiger
7956.jpg,tiger
2526.jpg,tiger
1690.jpg,tiger
1980.jpg,tiger
4429.jpg,tiger
7655.jpg,tiger
3078.jpg,tiger
4696.jpg,tiger
3719.jpg,tiger
5157.jpg,tiger
6179.jpg,tiger
132.jpg,tiger
539.jpg,tiger
7071.jpg,tiger
9540.jpg,tiger
2512.jpg,tiger
904.jpg,tiger
4413.jpg,tiger
9896.jpg,tiger
9755.jpg,tiger
762.jpg,tiger
9440.jpg,tiger
7780.jpg,tiger
1721.jpg,tiger
391.jpg,tiger
2880.jpg,tiger
2073.jpg,tiger
9674.jpg,tiger
956.jpg,tiger
3807.jpg,tiger
8063.jpg,tiger
9916.jpg,tiger
7115.jpg,tiger
7757.jpg,tiger
2112.jpg,tiger
9504.jpg,tiger
2494.jpg,tiger
9943.jpg,tiger
9320.jpg,tiger
566.jpg,tiger
9656.jpg,tiger
9950.jpg,tiger
3152.jpg,tiger
671.jpg,tiger
3353.jpg,tiger
2084.jpg,tiger
2426.jpg,tiger
5651.jpg,tiger
204.jpg,tiger
3574.jpg,tiger
2434.jpg,tiger
6788.jpg,tiger
7680.jpg,tiger
6557.jpg,tiger
1291.jpg,tiger
149.jpg,tiger
1837.jpg,tiger
775.jpg,tiger
7462.jpg,tiger
7194.jpg,tiger
1930.jpg,tiger
75.jpg,tiger
3527.jpg,tiger
9314.jpg,tiger
7137.jpg,tiger
8835.jpg,tiger
8774.jpg,tiger
5039.jpg,tiger
2739.jpg,tiger
1589.jpg,tiger
5827.jpg,tiger
9759.jpg,tiger
1615.jpg,tiger
409.jpg,tiger
7750.jpg,tiger
1181.jpg,tiger
8311.jpg,tiger
7066.jpg,tiger
5156.jpg,tiger
7801.jpg,tiger
4741.jpg,tiger
3000.jpg,tiger
1066.jpg,tiger
6775.jpg,tiger
1654.jpg,tiger
8527.jpg,tiger
3750.jpg,tiger
2285.jpg,tiger
2761.jpg,tiger
606.jpg,tiger
3880.jpg,tiger
1956.jpg,tiger
4155.jpg,tiger
7475.jpg,tiger
8572.jpg,tiger
916.jpg,tiger
8425.jpg,tiger
8211.jpg,tiger
6495.jpg,tiger
5174.jpg,tiger
8047.jpg,tiger
4168.jpg,tiger
9729.jpg,tiger
2797.jpg,tiger
3909.jpg,tiger
9702.jpg,tiger
5532.jpg,tiger
8652.jpg,tiger
3781.jpg,tiger
2653.jpg,tiger
5177.jpg,tiger
6833.jpg,tiger
2351.jpg,tiger
2694.jpg,tiger
9744.jpg,tiger
4738.jpg,tiger
4172.jpg,tiger
6828.jpg,tiger
1510.jpg,tiger
6818.jpg,tiger
9561.jpg,tiger
5322.jpg,tiger
86.jpg,tiger
7507.jpg,tiger
24.jpg,tiger
7900.jpg,tiger
4122.jpg,tiger
6583.jpg,tiger
3558.jpg,tiger
3881.jpg,tiger
868.jpg,tiger
9057.jpg,tiger
2806.jpg,tiger
8760.jpg,tiger
8978.jpg,tiger
2792.jpg,tiger
6619.jpg,tiger
1013.jpg,tiger
2610.jpg,tiger
3600.jpg,tiger
3104.jpg,tiger
4522.jpg,tiger
5629.jpg,tiger
963.jpg,tiger
5228.jpg,tiger
4127.jpg,tiger
7293.jpg,tiger
114.jpg,tiger
1703.jpg,tiger
3565.jpg,tiger
1540.jpg,tiger
616.jpg,tiger
5561.jpg,tiger
3020.jpg,tiger
5504.jpg,tiger
3886.jpg,tiger
6517.jpg,tiger
5310.jpg,tiger
7965.jpg,tiger
2064.jpg,tiger
7800.jpg,tiger
8232.jpg,tiger
4562.jpg,tiger
3225.jpg,tiger
7766.jpg,tiger
5713.jpg,tiger
9265.jpg,tiger
9640.jpg,tiger
5692.jpg,tiger
2447.jpg,tiger
1299.jpg,tiger
4671.jpg,tiger
515.jpg,tiger
5623.jpg,tiger
5701.jpg,tiger
8068.jpg,tiger
1562.jpg,tiger
9481.jpg,tiger
1541.jpg,tiger
3530.jpg,tiger
6838.jpg,tiger
4027.jpg,tiger
8683.jpg,tiger
1985.jpg,tiger
8433.jpg,tiger
6422.jpg,tiger
9954.jpg,tiger
5931.jpg,tiger
2480.jpg,tiger
3632.jpg,tiger
5334.jpg,tiger
7653.jpg,tiger
4531.jpg,tiger
2105.jpg,tiger
5997.jpg,tiger
7554.jpg,tiger
6349.jpg,tiger
721.jpg,tiger
5273.jpg,tiger
7104.jpg,tiger
6624.jpg,tiger
9134.jpg,tiger
6190.jpg,tiger
9782.jpg,tiger
3395.jpg,tiger
1621.jpg,tiger
9353.jpg,tiger
9860.jpg,tiger
5407.jpg,tiger
232.jpg,tiger
8612.jpg,tiger
9323.jpg,tiger
2509.jpg,tiger
8429.jpg,tiger
8215.jpg,tiger
6333.jpg,tiger
2223.jpg,tiger
7675.jpg,tiger
8992.jpg,tiger
2772.jpg,tiger
5213.jpg,tiger
4811.jpg,tiger
2899.jpg,tiger
3923.jpg,tiger
5869.jpg,tiger
4911.jpg,tiger
1086.jpg,tiger
1437.jpg,tiger
9102.jpg,tiger
3594.jpg,tiger
7421.jpg,tiger
9106.jpg,tiger
1451.jpg,tiger
5275.jpg,tiger
8313.jpg,tiger
5661.jpg,tiger
8476.jpg,tiger
103.jpg,tiger
6123.jpg,tiger
3613.jpg,tiger
8465.jpg,tiger
6806.jpg,tiger
7908.jpg,tiger
5004.jpg,tiger
6831.jpg,tiger
3239.jpg,tiger
311.jpg,tiger
477.jpg,tiger
1397.jpg,tiger
9700.jpg,tiger
4480.jpg,tiger
801.jpg,tiger
8977.jpg,tiger
111.jpg,tiger
5105.jpg,tiger
969.jpg,tiger
3453.jpg,tiger
7488.jpg,tiger
379.jpg,tiger
799.jpg,tiger
6045.jpg,tiger
4975.jpg,tiger
6088.jpg,tiger
2644.jpg,tiger
595.jpg,tiger
4216.jpg,tiger
7510.jpg,tiger
6568.jpg,tiger
1592.jpg,tiger
1553.jpg,tiger
4537.jpg,tiger
5055.jpg,tiger
484.jpg,tiger
5460.jpg,tiger
8649.jpg,tiger
1435.jpg,tiger
8006.jpg,tiger
9149.jpg,tiger
641.jpg,tiger
8340.jpg,tiger
8908.jpg,tiger
2337.jpg,tiger
3936.jpg,tiger
9966.jpg,tiger
6266.jpg,tiger
148.jpg,tiger
8825.jpg,tiger
912.jpg,tiger
2231.jpg,tiger
2894.jpg,tiger
5200.jpg,tiger
5471.jpg,tiger
7827.jpg,tiger
1836.jpg,tiger
4339.jpg,tiger
5247.jpg,tiger
1969.jpg,tiger
9965.jpg,tiger
4970.jpg,tiger
1928.jpg,tiger
6245.jpg,tiger
2518.jpg,tiger
6082.jpg,tiger
7888.jpg,tiger
9975.jpg,tiger
5088.jpg,tiger
4791.jpg,tiger
7664.jpg,tiger
3885.jpg,tiger
1924.jpg,tiger
867.jpg,tiger
5377.jpg,tiger
1569.jpg,tiger
1520.jpg,tiger
7782.jpg,tiger
1070.jpg,tiger
8453.jpg,tiger
5061.jpg,tiger
2186.jpg,tiger
1827.jpg,tiger
5220.jpg,tiger
5253.jpg,tiger
6604.jpg,tiger
4218.jpg,tiger
6656.jpg,tiger
5956.jpg,tiger
2989.jpg,tiger
5450.jpg,tiger
4395.jpg,tiger
4229.jpg,tiger
5512.jpg,tiger
3166.jpg,tiger
7288.jpg,tiger
1901.jpg,tiger
4981.jpg,tiger
7268.jpg,tiger
1946.jpg,tiger
8591.jpg,tiger
8625.jpg,tiger
2868.jpg,tiger
5980.jpg,tiger
2735.jpg,tiger
3917.jpg,tiger
6719.jpg,tiger
3950.jpg,tiger
724.jpg,tiger
6594.jpg,tiger
9277.jpg,tiger
4469.jpg,tiger
3703.jpg,tiger
7777.jpg,tiger
181.jpg,tiger
4672.jpg,tiger
9856.jpg,tiger
3972.jpg,tiger
9495.jpg,tiger
2552.jpg,tiger
8393.jpg,tiger
1822.jpg,tiger
4763.jpg,tiger
2473.jpg,tiger
7772.jpg,tiger
7149.jpg,tiger
8883.jpg,tiger
759.jpg,tiger
1469.jpg,tiger
8763.jpg,tiger
159.jpg,tiger
6743.jpg,tiger
8597.jpg,tiger
8265.jpg,tiger
3835.jpg,tiger
4143.jpg,tiger
5711.jpg,tiger
4061.jpg,tiger
8932.jpg,tiger
5848.jpg,tiger
9347.jpg,tiger
522.jpg,tiger
5338.jpg,tiger
5510.jpg,tiger
2349.jpg,tiger
7342.jpg,tiger
923.jpg,tiger
2027.jpg,tiger
7425.jpg,tiger
1972.jpg,tiger
3772.jpg,tiger
9825.jpg,tiger
994.jpg,tiger
219.jpg,tiger
5441.jpg,tiger
1408.jpg,tiger
6288.jpg,tiger
9.jpg,tiger
8055.jpg,tiger
9941.jpg,tiger
2367.jpg,tiger
5824.jpg,tiger
3755.jpg,tiger
2083.jpg,tiger
9793.jpg,tiger
9531.jpg,tiger
1265.jpg,tiger
5723.jpg,tiger
8793.jpg,tiger
2028.jpg,tiger
2793.jpg,tiger
4595.jpg,tiger
8524.jpg,tiger
2777.jpg,tiger
8993.jpg,tiger
6159.jpg,tiger
1802.jpg,tiger
907.jpg,tiger
3916.jpg,tiger
2907.jpg,tiger
6549.jpg,tiger
8813.jpg,tiger
5818.jpg,tiger
7701.jpg,tiger
2264.jpg,tiger
4573.jpg,tiger
5434.jpg,tiger
7299.jpg,tiger
3089.jpg,tiger
5171.jpg,tiger
5383.jpg,tiger
5482.jpg,tiger
7599.jpg,tiger
8114.jpg,tiger
6606.jpg,tiger
2774.jpg,tiger
9792.jpg,tiger
8802.jpg,tiger
5180.jpg,tiger
2220.jpg,tiger
7731.jpg,tiger
4456.jpg,tiger
4074.jpg,tiger
2723.jpg,tiger
6404.jpg,tiger
7027.jpg,tiger
9274.jpg,tiger
7391.jpg,tiger
2776.jpg,tiger
7174.jpg,tiger
5642.jpg,tiger
3106.jpg,tiger
256.jpg,tiger
5248.jpg,tiger
1649.jpg,tiger
3821.jpg,tiger
8446.jpg,tiger
5533.jpg,tiger
1551.jpg,tiger
6579.jpg,tiger
4075.jpg,tiger
3657.jpg,tiger
4360.jpg,tiger
5553.jpg,tiger
3063.jpg,tiger
7836.jpg,tiger
7224.jpg,tiger
2636.jpg,tiger
3150.jpg,tiger
2650.jpg,tiger
324.jpg,tiger
4418.jpg,tiger
3818.jpg,tiger
6602.jpg,tiger
5380.jpg,tiger
7531.jpg,tiger
4156.jpg,tiger
3806.jpg,tiger
8702.jpg,tiger
7887.jpg,tiger
1003.jpg,tiger
3572.jpg,tiger
6331.jpg,tiger
6437.jpg,tiger
4628.jpg,tiger
9508.jpg,tiger
9906.jpg,tiger
5236.jpg,tiger
6768.jpg,tiger
6639.jpg,tiger
648.jpg,tiger
8343.jpg,tiger
9978.jpg,tiger
61.jpg,tiger
6089.jpg,tiger
1286.jpg,tiger
5698.jpg,tiger
3228.jpg,tiger
1481.jpg,tiger
454.jpg,tiger
3669.jpg,tiger
9754.jpg,tiger
756.jpg,tiger
2707.jpg,tiger
9028.jpg,tiger
5022.jpg,tiger
4902.jpg,tiger
6776.jpg,tiger
5302.jpg,tiger
9883.jpg,tiger
9471.jpg,tiger
9195.jpg,tiger
8613.jpg,tiger
1596.jpg,tiger
2078.jpg,tiger
1652.jpg,tiger
7508.jpg,tiger
8396.jpg,tiger
1416.jpg,tiger
1205.jpg,tiger
4282.jpg,tiger
8926.jpg,tiger
1105.jpg,tiger
7038.jpg,tiger
7423.jpg,tiger
1252.jpg,tiger
885.jpg,tiger
4805.jpg,tiger
8563.jpg,tiger
8912.jpg,tiger
8797.jpg,tiger
317.jpg,tiger
2332.jpg,tiger
7641.jpg,tiger
8537.jpg,tiger
7732.jpg,tiger
1 9 5 0 . j p g , t i g e r  
 1 8 9 6 . j p g , t i g e r  
 3 6 8 8 . j p g , t i g e r  
 1 9 6 1 . j p g , t i g e r  
 9 3 3 7 . j p g , t i g e r  
 2 6 . j p g , t i g e r  
 8 7 9 0 . j p g , t i g e r  
 2 5 8 8 . j p g , t i g e r  
 8 5 9 2 . j p g , t i g e r  
 8 1 1 6 . j p g , t i g e r  
 9 7 5 5 . j p g , t i g e r  
 8 7 3 2 . j p g , t i g e r  
 2 0 3 2 . j p g , t i g e r  
 5 6 1 3 . j p g , t i g e r  
 9 2 1 8 . j p g , t i g e r  
 9 6 3 2 . j p g , t i g e r  
 5 0 2 1 . j p g , t i g e r  
 1 5 3 7 . j p g , t i g e r  
 9 9 8 4 . j p g , t i g e r  
 7 0 7 1 . j p g , t i g e r  
 6 1 4 7 . j p g , t i g e r  
 6 0 8 8 . j p g , t i g e r  
 8 3 2 1 . j p g , t i g e r  
 6 1 0 2 . j p g , t i g e r  
 2 2 3 5 . j p g , t i g e r  
 4 0 2 5 . j p g , t i g e r  
 4 1 7 8 . j p g , t i g e r  
 4 2 7 6 . j p g , t i g e r  
 6 1 9 1 . j p g , t i g e r  
 4 4 0 9 . j p g , t i g e r  
 3 0 6 4 . j p g , t i g e r  
 5 7 2 9 . j p g , t i g e r  
 9 4 3 9 . j p g , t i g e r  
 7 6 6 7 . j p g , t i g e r  
 5 2 9 8 . j p g , t i g e r  
 5 2 6 1 . j p g , t i g e r  
 9 6 3 5 . j p g , t i g e r  
 6 3 0 3 . j p g , t i g e r  
 1 2 2 0 . j p g , t i g e r  
 2 7 1 5 . j p g , t i g e r  
 5 2 3 9 . j p g , t i g e r  
 8 0 2 3 . j p g , t i g e r  
 1 5 3 6 . j p g , t i g e r  
 7 6 9 3 . j p g , t i g e r  
 3 2 9 7 . j p g , t i g e r  
 1 8 7 8 . j p g , t i g e r  
 5 2 4 8 . j p g , t i g e r  
 9 6 5 6 . j p g , t i g e r  
 2 7 2 2 . j p g , t i g e r  
 5 2 8 0 . j p g , t i g e r  
 9 1 9 1 . j p g , t i g e r  
 6 7 1 8 . j p g , t i g e r  
 1 7 2 9 . j p g , t i g e r  
 9 5 5 9 . j p g , t i g e r  
 8 5 5 . j p g , t i g e r  
 6 5 1 3 . j p g , t i g e r  
 8 0 8 . j p g , t i g e r  
 5 5 8 8 . j p g , t i g e r  
 7 1 6 0 . j p g , t i g e r  
 1 6 2 7 . j p g , t i g e r  
 2 5 6 2 . j p g , t i g e r  
 4 3 0 0 . j p g , t i g e r  
 6 2 1 . j p g , t i g e r  
 7 6 6 5 . j p g , t i g e r  
 9 5 3 2 . j p g , t i g e r  
 5 6 3 2 . j p g , t i g e r  
 3 6 6 3 . j p g , t i g e r  
 5 3 9 3 . j p g , t i g e r  
 5 2 8 7 . j p g , t i g e r  
 4 0 9 2 . j p g , t i g e r  
 1 3 9 1 . j p g , t i g e r  
 9 0 1 4 . j p g , t i g e r  
 8 7 4 9 . j p g , t i g e r  
 5 3 0 0 . j p g , t i g e r  
 1 3 2 3 . j p g , t i g e r  
 7 8 7 1 . j p g , t i g e r  
 5 8 9 8 . j p g , t i g e r  
 3 9 7 5 . j p g , t i g e r  
 4 9 6 1 . j p g , t i g e r  
 6 5 6 5 . j p g , t i g e r  
 3 7 1 4 . j p g , t i g e r  
 2 8 0 5 . j p g , t i g e r  
 9 9 1 6 . j p g , t i g e r  
 8 3 1 3 . j p g , t i g e r  
 5 0 3 5 . j p g , t i g e r  
 2 8 9 . j p g , t i g e r  
 9 1 9 0 . j p g , t i g e r  
 7 3 9 . j p g , t i g e r  
 9 4 6 2 . j p g , t i g e r  
 2 8 6 . j p g , t i g e r  
 4 2 0 3 . j p g , t i g e r  
 3 0 6 1 . j p g , t i g e r  
 7 8 3 1 . j p g , t i g e r  
 3 5 8 2 . j p g , t i g e r  
 9 8 3 9 . j p g , t i g e r  
 6 0 3 3 . j p g , t i g e r  
 2 4 0 2 . j p g , t i g e r  
 5 4 5 2 . j p g , t i g e r  
 8 7 3 4 . j p g , t i g e r  
 6 9 8 0 . j p g , t i g e r  
 2 0 4 2 . j p g , t i g e r  
 5 8 4 2 . j p g , t i g e r  
 7 4 1 2 . j p g , t i g e r  
 2 2 3 8 . j p g , t i g e r  
 8 0 0 . j p g , t i g e r  
 8 1 8 1 . j p g , t i g e r  
 6 6 8 . j p g , t i g e r  
 6 7 5 7 . j p g , t i g e r  
 5 7 3 4 . j p g , t i g e r  
 1 5 3 8 . j p g , t i g e r  
 7 0 8 7 . j p g , t i g e r  
 4 7 0 0 . j p g , t i g e r  
 2 9 7 2 . j p g , t i g e r  
 8 7 3 1 . j p g , t i g e r  
 6 1 4 8 . j p g , t i g e r  
 8 8 0 6 . j p g , t i g e r  
 4 6 7 1 . j p g , t i g e r  
 7 5 6 8 . j p g , t i g e r  
 7 9 5 4 . j p g , t i g e r  
 5 0 1 5 . j p g , t i g e r  
 6 3 3 6 . j p g , t i g e r  
 9 2 8 . j p g , t i g e r  
 1 3 0 6 . j p g , t i g e r  
 5 1 6 2 . j p g , t i g e r  
 7 6 0 2 . j p g , t i g e r  
 5 8 8 0 . j p g , t i g e r  
 7 0 5 7 . j p g , t i g e r  
 5 4 8 7 . j p g , t i g e r  
 4 6 5 . j p g , t i g e r  
 1 7 8 6 . j p g , t i g e r  
 5 4 3 9 . j p g , t i g e r  
 9 7 4 7 . j p g , t i g e r  
 5 7 4 9 . j p g , t i g e r  
 1 0 6 0 . j p g , t i g e r  
 6 3 2 6 . j p g , t i g e r  
 7 5 4 2 . j p g , t i g e r  
 6 0 6 . j p g , t i g e r  
 1 6 6 5 . j p g , t i g e r  
 7 9 3 6 . j p g , t i g e r  
 7 5 0 9 . j p g , t i g e r  
 9 2 3 4 . j p g , t i g e r  
 3 2 2 0 . j p g , t i g e r  
 5 2 3 5 . j p g , t i g e r  
 3 3 1 5 . j p g , t i g e r  
 7 3 4 3 . j p g , t i g e r  
 5 8 2 1 . j p g , t i g e r  
 9 4 3 5 . j p g , t i g e r  
 1 7 1 0 . j p g , t i g e r  
 9 3 5 1 . j p g , t i g e r  
 6 9 7 8 . j p g , t i g e r  
 6 0 6 5 . j p g , t i g e r  
 9 8 0 7 . j p g , t i g e r  
 2 1 4 3 . j p g , t i g e r  
 4 7 6 0 . j p g , t i g e r  
 8 2 6 1 . j p g , t i g e r  
 7 0 9 0 . j p g , t i g e r  
 7 6 8 5 . j p g , t i g e r  
 1 1 8 9 . j p g , t i g e r  
 8 2 8 5 . j p g , t i g e r  
 1 4 3 2 . j p g , t i g e r  
 7 0 5 . j p g , t i g e r  
 5 5 7 2 . j p g , t i g e r  
 8 6 3 . j p g , t i g e r  
 4 7 3 6 . j p g , t i g e r  
 2 1 9 6 . j p g , t i g e r  
 7 9 5 6 . j p g , t i g e r  
 6 1 6 2 . j p g , t i g e r  
 1 1 1 8 . j p g , t i g e r  
 7 1 4 5 . j p g , t i g e r  
 7 2 0 0 . j p g , t i g e r  
 6 2 9 2 . j p g , t i g e r  
 8 8 6 3 . j p g , t i g e r  
 6 6 5 7 . j p g , t i g e r  
 8 7 1 9 . j p g , t i g e r  
 3 4 2 2 . j p g , t i g e r  
 7 9 7 8 . j p g , t i g e r  
 8 1 4 . j p g , t i g e r  
 8 8 8 8 . j p g , t i g e r  
 3 0 3 7 . j p g , t i g e r  
 2 8 2 1 . j p g , t i g e r  
 4 1 4 . j p g , t i g e r  
 8 3 3 5 . j p g , t i g e r  
 5 2 8 9 . j p g , t i g e r  
 2 7 9 8 . j p g , t i g e r  
 5 4 7 6 . j p g , t i g e r  
 6 9 4 1 . j p g , t i g e r  
 9 1 7 4 . j p g , t i g e r  
 8 4 8 7 . j p g , t i g e r  
 3 2 9 8 . j p g , t i g e r  
 8 4 5 . j p g , t i g e r  
 4 5 1 1 . j p g , t i g e r  
 6 7 0 5 . j p g , t i g e r  
 8 8 4 7 . j p g , t i g e r  
 9 6 3 0 . j p g , t i g e r  
 6 3 5 3 . j p g , t i g e r  
 8 0 1 9 . j p g , t i g e r  
 9 1 0 9 . j p g , t i g e r  
 4 3 1 6 . j p g , t i g e r  
 2 5 9 5 . j p g , t i g e r  
 3 7 7 6 . j p g , t i g e r  
 9 2 3 0 . j p g , t i g e r  
 7 3 8 6 . j p g , t i g e r  
 6 9 9 6 . j p g , t i g e r  
 8 9 4 8 . j p g , t i g e r  
 4 6 1 5 . j p g , t i g e r  
 2 1 5 3 . j p g , t i g e r  
 3 4 8 0 . j p g , t i g e r  
 8 1 8 2 . j p g , t i g e r  
 4 9 2 0 . j p g , t i g e r  
 3 3 8 6 . j p g , t i g e r  
 1 3 2 8 . j p g , t i g e r  
 6 5 2 2 . j p g , t i g e r  
 2 3 3 4 . j p g , t i g e r  
 1 6 6 0 . j p g , t i g e r  
 2 5 0 6 . j p g , t i g e r  
 4 5 4 2 . j p g , t i g e r  
 4 8 3 6 . j p g , t i g e r  
 9 5 2 2 . j p g , t i g e r  
 7 8 9 9 . j p g , t i g e r  
 9 8 3 2 . j p g , t i g e r  
 2 7 7 7 . j p g , t i g e r  
 7 7 9 2 . j p g , t i g e r  
 6 5 8 4 . j p g , t i g e r  
 9 2 9 7 . j p g , t i g e r  
 2 6 7 5 . j p g , t i g e r  
 4 0 7 4 . j p g , t i g e r  
 7 6 1 2 . j p g , t i g e r  
 3 1 8 3 . j p g , t i g e r  
 9 3 6 4 . j p g , t i g e r  
 5 2 3 0 . j p g , t i g e r  
 4 6 5 2 . j p g , t i g e r  
 9 7 7 8 . j p g , t i g e r  
 4 9 7 3 . j p g , t i g e r  
 9 6 8 4 . j p g , t i g e r  
 8 0 5 4 . j p g , t i g e r  
 3 5 9 0 . j p g , t i g e r  
 8 2 7 1 . j p g , t i g e r  
 9 5 8 5 . j p g , t i g e r  
 5 5 1 5 . j p g , t i g e r  
 1 3 0 5 . j p g , t i g e r  
 7 7 5 1 . j p g , t i g e r  
 1 2 0 6 . j p g , t i g e r  
 3 7 5 8 . j p g , t i g e r  
 4 8 5 . j p g , t i g e r  
 4 6 7 4 . j p g , t i g e r  
 7 9 1 6 . j p g , t i g e r  
 4 3 3 5 . j p g , t i g e r  
 7 6 . j p g , t i g e r  
 8 1 4 0 . j p g , t i g e r  
 1 1 6 0 . j p g , t i g e r  
 3 0 6 7 . j p g , t i g e r  
 1 9 3 8 . j p g , t i g e r  
 3 4 2 0 . j p g , t i g e r  
 7 5 9 5 . j p g , t i g e r  
 8 4 0 2 . j p g , t i g e r  
 1 1 . j p g , t i g e r  
 9 8 6 7 . j p g , t i g e r  
 6 5 2 . j p g , t i g e r  
 4 7 6 1 . j p g , t i g e r  
 7 0 8 5 . j p g , t i g e r  
 6 1 9 3 . j p g , t i g e r  
 5 5 1 1 . j p g , t i g e r  
 2 6 9 4 . j p g , t i g e r  
 7 0 9 1 . j p g , t i g e r  
 7 2 9 3 . j p g , t i g e r  
 6 9 4 8 . j p g , t i g e r  
 3 0 3 2 . j p g , t i g e r  
 6 6 0 8 . j p g , t i g e r  
 9 7 4 8 . j p g , t i g e r  
 7 6 8 . j p g , t i g e r  
 6 4 2 . j p g , t i g e r  
 3 8 0 1 . j p g , t i g e r  
 8 6 2 4 . j p g , t i g e r  
 9 7 9 . j p g , t i g e r  
 4 0 6 2 . j p g , t i g e r  
 8 3 5 7 . j p g , t i g e r  
 5 1 5 4 . j p g , t i g e r  
 8 2 7 . j p g , t i g e r  
 5 7 5 2 . j p g , t i g e r  
 4 4 9 1 . j p g , t i g e r  
 2 4 6 0 . j p g , t i g e r  
 7 5 3 3 . j p g , t i g e r  
 4 3 0 4 . j p g , t i g e r  
 6 4 2 2 . j p g , t i g e r  
 9 5 1 9 . j p g , t i g e r  
 6 6 3 1 . j p g , t i g e r  
 8 7 2 . j p g , t i g e r  
 5 1 6 5 . j p g , t i g e r  
 4 0 8 9 . j p g , t i g e r  
 5 9 8 1 . j p g , t i g e r  
 5 1 7 6 . j p g , t i g e r  
 5 4 5 1 . j p g , t i g e r  
 2 8 6 4 . j p g , t i g e r  
 8 6 7 7 . j p g , t i g e r  
 3 4 5 5 . j p g , t i g e r  
 9 3 2 7 . j p g , t i g e r  
 9 8 7 6 . j p g , t i g e r  
 9 7 0 . j p g , t i g e r  
 5 0 9 6 . j p g , t i g e r  
 7 2 9 5 . j p g , t i g e r  
 9 1 1 9 . j p g , t i g e r  
 8 7 8 2 . j p g , t i g e r  
 8 2 4 0 . j p g , t i g e r  
 2 9 0 3 . j p g , t i g e r  
 1 3 7 8 . j p g , t i g e r  
 9 4 6 3 . j p g , t i g e r  
 8 9 2 0 . j p g , t i g e r  
 1 9 4 3 . j p g , t i g e r  
 8 8 7 1 . j p g , t i g e r  
 1 0 3 6 . j p g , t i g e r  
 6 8 8 8 . j p g , t i g e r  
 7 9 3 3 . j p g , t i g e r  
 8 0 2 5 . j p g , t i g e r  
 8 7 6 7 . j p g , t i g e r  
 2 0 8 4 . j p g , t i g e r  
 5 1 3 2 . j p g , t i g e r  
 3 2 7 2 . j p g , t i g e r  
 2 4 4 7 . j p g , t i g e r  
 8 2 9 7 . j p g , t i g e r  
 5 5 4 1 . j p g , t i g e r  
 5 7 8 0 . j p g , t i g e r  
 8 7 5 6 . j p g , t i g e r  
 9 3 4 0 . j p g , t i g e r  
 5 8 5 7 . j p g , t i g e r  
 5 2 1 7 . j p g , t i g e r  
 2 6 3 3 . j p g , t i g e r  
 2 3 9 2 . j p g , t i g e r  
 6 1 0 9 . j p g , t i g e r  
 7 1 5 7 . j p g , t i g e r  
 2 8 8 8 . j p g , t i g e r  
 2 6 5 2 . j p g , t i g e r  
 8 1 2 0 . j p g , t i g e r  
 2 4 3 1 . j p g , t i g e r  
 8 2 0 6 . j p g , t i g e r  
 4 9 2 1 . j p g , t i g e r  
 1 9 8 9 . j p g , t i g e r  
 4 6 0 3 . j p g , t i g e r  
 6 4 4 9 . j p g , t i g e r  
 8 1 8 5 . j p g , t i g e r  
 9 8 1 2 . j p g , t i g e r  
 4 0 6 3 . j p g , t i g e r  
 7 0 7 7 . j p g , t i g e r  
 2 1 1 0 . j p g , t i g e r  
 8 5 6 2 . j p g , t i g e r  
 5 8 6 0 . j p g , t i g e r  
 7 5 5 2 . j p g , t i g e r  
 7 4 0 7 . j p g , t i g e r  
 7 9 6 3 . j p g , t i g e r  
 1 3 2 4 . j p g , t i g e r  
 2 4 1 . j p g , t i g e r  
 1 4 8 7 . j p g , t i g e r  
 9 2 1 5 . j p g , t i g e r  
 2 3 0 7 . j p g , t i g e r  
 7 4 2 4 . j p g , t i g e r  
 7 8 4 6 . j p g , t i g e r  
 2 7 2 3 . j p g , t i g e r  
 8 0 4 3 . j p g , t i g e r  
 5 2 2 8 . j p g , t i g e r  
 4 9 2 6 . j p g , t i g e r  
 7 1 2 9 . j p g , t i g e r  
 5 8 8 4 . j p g , t i g e r  
 3 4 2 3 . j p g , t i g e r  
 9 9 3 9 . j p g , t i g e r  
 2 5 7 6 . j p g , t i g e r  
 2 5 4 3 . j p g , t i g e r  
 3 2 9 4 . j p g , t i g e r  
 5 8 6 5 . j p g , t i g e r  
 4 3 5 3 . j p g , t i g e r  
 5 1 1 1 . j p g , t i g e r  
 3 0 0 5 . j p g , t i g e r  
 7 8 3 . j p g , t i g e r  
 4 4 0 0 . j p g , t i g e r  
 8 8 1 9 . j p g , t i g e r  
 7 1 6 9 . j p g , t i g e r  
 9 1 6 2 . j p g , t i g e r  
 5 4 2 4 . j p g , t i g e r  
 1 3 6 8 . j p g , t i g e r  
 2 0 6 . j p g , t i g e r  
 3 0 0 1 . j p g , t i g e r  
 3 3 1 . j p g , t i g e r  
 3 1 0 3 . j p g , t i g e r  
 1 3 9 4 . j p g , t i g e r  
 1 3 1 6 . j p g , t i g e r  
 8 9 9 6 . j p g , t i g e r  
 8 8 5 0 . j p g , t i g e r  
 9 3 1 9 . j p g , t i g e r  
 5 5 9 5 . j p g , t i g e r  
 4 3 7 1 . j p g , t i g e r  
 9 9 0 . j p g , t i g e r  
 2 4 5 3 . j p g , t i g e r  
 1 3 2 7 . j p g , t i g e r  
 9 9 2 0 . j p g , t i g e r  
 6 8 7 6 . j p g , t i g e r  
 4 2 7 2 . j p g , t i g e r  
 3 4 7 9 . j p g , t i g e r  
 7 8 2 5 . j p g , t i g e r  
 3 0 0 3 . j p g , t i g e r  
 6 1 5 . j p g , t i g e r  
 5 4 8 6 . j p g , t i g e r  
 6 0 9 7 . j p g , t i g e r  
 5 3 5 3 . j p g , t i g e r  
 5 0 5 8 . j p g , t i g e r  
 8 4 7 2 . j p g , t i g e r  
 9 7 9 1 . j p g , t i g e r  
 6 4 4 1 . j p g , t i g e r  
 6 1 7 1 . j p g , t i g e r  
 9 2 5 4 . j p g , t i g e r  
 8 9 4 1 . j p g , t i g e r  
 2 1 8 7 . j p g , t i g e r  
 3 0 8 9 . j p g , t i g e r  
 8 5 8 5 . j p g , t i g e r  
 2 3 0 8 . j p g , t i g e r  
 4 1 3 5 . j p g , t i g e r  
 5 5 8 9 . j p g , t i g e r  
 1 2 4 0 . j p g , t i g e r  
 6 5 2 1 . j p g , t i g e r  
 4 1 2 1 . j p g , t i g e r  
 7 2 2 3 . j p g , t i g e r  
 1 1 9 4 . j p g , t i g e r  
 4 6 1 7 . j p g , t i g e r  
 4 3 7 3 . j p g , t i g e r  
 7 2 5 5 . j p g , t i g e r  
 1 7 5 8 . j p g , t i g e r  
 8 0 8 8 . j p g , t i g e r  
 7 1 9 6 . j p g , t i g e r  
 8 4 5 9 . j p g , t i g e r  
 4 2 0 5 . j p g , t i g e r  
 1 4 8 1 . j p g , t i g e r  
 9 9 4 9 . j p g , t i g e r  
 6 2 6 5 . j p g , t i g e r  
 4 6 3 . j p g , t i g e r  
 3 4 1 4 . j p g , t i g e r  
 2 7 7 8 . j p g , t i g e r  
 6 5 1 7 . j p g , t i g e r  
 8 9 8 0 . j p g , t i g e r  
 1 7 7 0 . j p g , t i g e r  
 7 0 1 8 . j p g , t i g e r  
 5 4 2 1 . j p g , t i g e r  
 2 7 8 1 . j p g , t i g e r  
 6 5 1 0 . j p g , t i g e r  
 2 9 9 2 . j p g , t i g e r  
 2 9 8 9 . j p g , t i g e r  
 5 9 0 5 . j p g , t i g e r  
 9 6 1 3 . j p g , t i g e r  
 8 8 1 6 . j p g , t i g e r  
 3 8 0 9 . j p g , t i g e r  
 1 5 9 1 . j p g , t i g e r  
 8 4 1 2 . j p g , t i g e r  
 2 3 4 0 . j p g , t i g e r  
 1 8 3 9 . j p g , t i g e r  
 4 9 8 6 . j p g , t i g e r  
 7 6 2 2 . j p g , t i g e r  
 6 1 6 8 . j p g , t i g e r  
 9 8 0 5 . j p g , t i g e r  
 8 2 0 7 . j p g , t i g e r  
 6 5 7 3 . j p g , t i g e r  
 9 9 2 9 . j p g , t i g e r  
 6 8 9 1 . j p g , t i g e r  
 3 2 8 7 . j p g , t i g e r  
 3 3 1 3 . j p g , t i g e r  
 1 5 3 4 . j p g , t i g e r  
 1 5 5 2 . j p g , t i g e r  
 8 5 0 5 . j p g , t i g e r  
 8 7 8 1 . j p g , t i g e r  
 5 1 2 6 . j p g , t i g e r  
 7 6 5 4 . j p g , t i g e r  
 5 9 5 7 . j p g , t i g e r  
 6 0 7 . j p g , t i g e r  
 1 1 2 7 . j p g , t i g e r  
 7 6 3 9 . j p g , t i g e r  
 7 0 6 9 . j p g , t i g e r  
 3 3 7 6 . j p g , t i g e r  
 7 1 9 5 . j p g , t i g e r  
 4 5 9 9 . j p g , t i g e r  
 1 4 2 1 . j p g , t i g e r  
 9 4 7 3 . j p g , t i g e r  
 4 6 4 4 . j p g , t i g e r  
 9 6 5 7 . j p g , t i g e r  
 2 8 8 2 . j p g , t i g e r  
 4 1 8 . j p g , t i g e r  
 8 3 5 3 . j p g , t i g e r  
 9 3 4 1 . j p g , t i g e r  
 6 8 2 0 . j p g , t i g e r  
 8 1 8 4 . j p g , t i g e r  
 9 6 8 1 . j p g , t i g e r  
 8 0 2 4 . j p g , t i g e r  
 4 7 5 4 . j p g , t i g e r  
 5 9 4 4 . j p g , t i g e r  
 2 4 5 9 . j p g , t i g e r  
 3 4 0 0 . j p g , t i g e r  
 3 9 6 1 . j p g , t i g e r  
 3 4 8 8 . j p g , t i g e r  
 5 7 9 3 . j p g , t i g e r  
 1 4 1 1 . j p g , t i g e r  
 1 6 8 6 . j p g , t i g e r  
 9 6 4 2 . j p g , t i g e r  
 3 7 6 1 . j p g , t i g e r  
 5 0 1 8 . j p g , t i g e r  
 5 9 2 0 . j p g , t i g e r  
 3 5 8 9 . j p g , t i g e r  
 2 6 0 8 . j p g , t i g e r  
 8 3 4 1 . j p g , t i g e r  
 7 4 1 5 . j p g , t i g e r  
 5 7 6 3 . j p g , t i g e r  
 4 7 1 . j p g , t i g e r  
 2 8 9 7 . j p g , t i g e r  
 6 1 4 1 . j p g , t i g e r  
 5 6 1 2 . j p g , t i g e r  
 1 0 8 7 . j p g , t i g e r  
 7 0 4 7 . j p g , t i g e r  
 8 3 9 8 . j p g , t i g e r  
 9 8 8 3 . j p g , t i g e r  
 6 7 6 8 . j p g , t i g e r  
 6 4 0 . j p g , t i g e r  
 8 8 3 7 . j p g , t i g e r  
 2 7 1 1 . j p g , t i g e r  
 4 8 6 2 . j p g , t i g e r  
 4 7 5 8 . j p g , t i g e r  
 5 2 7 8 . j p g , t i g e r  
 5 4 0 2 . j p g , t i g e r  
 4 0 1 2 . j p g , t i g e r  
 4 4 8 7 . j p g , t i g e r  
 5 5 1 2 . j p g , t i g e r  
 9 0 0 5 . j p g , t i g e r  
 7 2 0 9 . j p g , t i g e r  
 2 1 6 2 . j p g , t i g e r  
 1 3 9 6 . j p g , t i g e r  
 9 2 7 . j p g , t i g e r  
 1 2 1 2 . j p g , t i g e r  
 1 3 6 3 . j p g , t i g e r  
 9 7 9 9 . j p g , t i g e r  
 6 6 2 6 . j p g , t i g e r  
 2 6 9 1 . j p g , t i g e r  
 1 0 0 5 . j p g , t i g e r  
 2 2 5 0 . j p g , t i g e r  
 1 3 9 0 . j p g , t i g e r  
 6 2 0 8 . j p g , t i g e r  
 6 3 1 8 . j p g , t i g e r  
 7 4 9 . j p g , t i g e r  
 4 8 8 . j p g , t i g e r  
 4 6 4 8 . j p g , t i g e r  
 2 5 8 1 . j p g , t i g e r  
 8 9 0 7 . j p g , t i g e r  
 9 2 2 2 . j p g , t i g e r  
 8 5 7 9 . j p g , t i g e r  
 6 7 3 2 . j p g , t i g e r  
 3 2 7 1 . j p g , t i g e r  
 1 0 5 5 . j p g , t i g e r  
 1 1 8 2 . j p g , t i g e r  
 3 1 2 . j p g , t i g e r  
 3 4 9 9 . j p g , t i g e r  
 1 5 5 7 . j p g , t i g e r  
 6 0 1 9 . j p g , t i g e r  
 8 2 7 0 . j p g , t i g e r  
 9 2 1 7 . j p g , t i g e r  
 4 3 3 4 . j p g , t i g e r  
 9 5 2 8 . j p g , t i g e r  
 2 0 7 0 . j p g , t i g e r  
 6 9 9 5 . j p g , t i g e r  
 8 3 0 6 . j p g , t i g e r  
 8 6 4 4 . j p g , t i g e r  
 2 9 3 2 . j p g , t i g e r  
 2 5 1 . j p g , t i g e r  
 1 7 8 9 . j p g , t i g e r  
 4 7 1 2 . j p g , t i g e r  
 6 9 4 0 . j p g , t i g e r  
 3 9 6 6 . j p g , t i g e r  
 1 0 7 0 . j p g , t i g e r  
 7 5 . j p g , t i g e r  
 9 7 9 3 . j p g , t i g e r  
 4 7 9 4 . j p g , t i g e r  
 1 5 1 . j p g , t i g e r  
 2 3 2 . j p g , t i g e r  
 7 7 9 . j p g , t i g e r  
 8 4 3 . j p g , t i g e r  
 5 6 6 1 . j p g , t i g e r  
 2 7 0 8 . j p g , t i g e r  
 8 4 3 5 . j p g , t i g e r  
 8 5 7 . j p g , t i g e r  
 9 6 3 1 . j p g , t i g e r  
 3 2 4 0 . j p g , t i g e r  
 8 5 8 2 . j p g , t i g e r  
 7 7 5 6 . j p g , t i g e r  
 3 8 5 . j p g , t i g e r  
 5 6 9 4 . j p g , t i g e r  
 3 5 6 . j p g , t i g e r  
 2 2 9 0 . j p g , t i g e r  
 8 9 9 9 . j p g , t i g e r  
 9 3 1 3 . j p g , t i g e r  
 7 3 6 8 . j p g , t i g e r  
 3 0 6 . j p g , t i g e r  
 3 0 5 3 . j p g , t i g e r  
 7 4 7 1 . j p g , t i g e r  
 6 1 1 5 . j p g , t i g e r  
 5 7 1 7 . j p g , t i g e r  
 6 2 8 5 . j p g , t i g e r  
 8 6 3 4 . j p g , t i g e r  
 8 5 9 7 . j p g , t i g e r  
 3 3 3 1 . j p g , t i g e r  
 4 0 1 . j p g , t i g e r  
 3 6 1 8 . j p g , t i g e r  
 4 3 4 3 . j p g , t i g e r  
 9 4 6 1 . j p g , t i g e r  
 9 6 2 7 . j p g , t i g e r  
 8 2 2 6 . j p g , t i g e r  
 8 2 0 8 . j p g , t i g e r  
 4 7 1 7 . j p g , t i g e r  
 5 7 8 9 . j p g , t i g e r  
 3 6 0 . j p g , t i g e r  
 7 8 8 2 . j p g , t i g e r  
 5 2 2 1 . j p g , t i g e r  
 1 7 4 . j p g , t i g e r  
 5 8 1 5 . j p g , t i g e r  
 2 0 4 9 . j p g , t i g e r  
 6 2 8 2 . j p g , t i g e r  
 4 8 7 8 . j p g , t i g e r  
 7 4 9 0 . j p g , t i g e r  
 2 0 4 7 . j p g , t i g e r  
 2 7 4 2 . j p g , t i g e r  
 5 6 4 1 . j p g , t i g e r  
 8 9 9 2 . j p g , t i g e r  
 3 3 0 7 . j p g , t i g e r  
 5 2 4 2 . j p g , t i g e r  
 8 9 6 8 . j p g , t i g e r  
 4 6 8 4 . j p g , t i g e r  
 4 3 7 6 . j p g , t i g e r  
 3 7 2 1 . j p g , t i g e r  
 2 6 7 2 . j p g , t i g e r  
 4 4 4 9 . j p g , t i g e r  
 8 7 4 1 . j p g , t i g e r  
 8 3 4 9 . j p g , t i g e r  
 5 0 2 6 . j p g , t i g e r  
 4 4 0 5 . j p g , t i g e r  
 4 5 1 7 . j p g , t i g e r  
 1 8 8 5 . j p g , t i g e r  
 7 1 5 1 . j p g , t i g e r  
 4 1 5 . j p g , t i g e r  
 3 3 9 1 . j p g , t i g e r  
 5 5 0 5 . j p g , t i g e r  
 3 0 5 9 . j p g , t i g e r  
 2 5 3 3 . j p g , t i g e r  
 9 8 9 6 . j p g , t i g e r  
 1 8 8 . j p g , t i g e r  
 8 8 8 3 . j p g , t i g e r  
 1 9 3 3 . j p g , t i g e r  
 4 8 2 5 . j p g , t i g e r  
 3 7 3 6 . j p g , t i g e r  
 5 6 0 6 . j p g , t i g e r  
 4 6 2 5 . j p g , t i g e r  
 1 4 2 0 . j p g , t i g e r  
 7 6 2 1 . j p g , t i g e r  
 9 1 9 4 . j p g , t i g e r  
 3 2 9 6 . j p g , t i g e r  
 4 9 2 4 . j p g , t i g e r  
 1 1 8 4 . j p g , t i g e r  
 6 3 3 1 . j p g , t i g e r  
 1 6 8 3 . j p g , t i g e r  
 1 2 3 6 . j p g , t i g e r  
 1 8 7 0 . j p g , t i g e r  
 2 9 1 5 . j p g , t i g e r  
 6 9 8 7 . j p g , t i g e r  
 1 1 3 9 . j p g , t i g e r  
 2 3 5 3 . j p g , t i g e r  
 9 6 9 8 . j p g , t i g e r  
 8 5 4 2 . j p g , t i g e r  
 4 4 5 3 . j p g , t i g e r  
 3 9 9 2 . j p g , t i g e r  
 4 8 2 8 . j p g , t i g e r  
 7 3 8 2 . j p g , t i g e r  
 5 7 2 8 . j p g , t i g e r  
 5 8 5 7 . j p g , t i g e r  
 2 2 9 3 . j p g , t i g e r  
 6 0 3 4 . j p g , t i g e r  
 3 4 5 7 . j p g , t i g e r  
 6 0 6 4 . j p g , t i g e r  
 4 9 4 3 . j p g , t i g e r  
 6 3 7 0 . j p g , t i g e r  
 6 5 4 1 . j p g , t i g e r  
 3 3 2 2 . j p g , t i g e r  
 8 3 0 2 . j p g , t i g e r  
 4 0 4 8 . j p g , t i g e r  
 4 9 9 . j p g , t i g e r  
 2 8 4 9 . j p g , t i g e r  
 9 1 9 2 . j p g , t i g e r  
 2 7 8 4 . j p g , t i g e r  
 3 3 9 . j p g , t i g e r  
 3 5 6 6 . j p g , t i g e r  
 1 4 8 . j p g , t i g e r  
 9 3 2 1 . j p g , t i g e r  
 4 4 7 8 . j p g , t i g e r  
 2 5 3 1 . j p g , t i g e r  
 8 9 5 1 . j p g , t i g e r  
 7 7 4 2 . j p g , t i g e r  
 2 5 0 5 . j p g , t i g e r  
 6 8 9 6 . j p g , t i g e r  
 4 3 0 2 . j p g , t i g e r  
 2 9 . j p g , t i g e r  
 7 2 8 3 . j p g , t i g e r  
 7 9 9 1 . j p g , t i g e r  
 9 6 0 3 . j p g , t i g e r  
 3 0 4 . j p g , t i g e r  
 2 2 5 7 . j p g , t i g e r  
 2 5 4 5 . j p g , t i g e r  
 1 9 0 4 . j p g , t i g e r  
 6 8 3 3 . j p g , t i g e r  
 6 1 3 6 . j p g , t i g e r  
 4 9 4 5 . j p g , t i g e r  
 4 3 4 2 . j p g , t i g e r  
 8 0 7 5 . j p g , t i g e r  
 3 1 4 0 . j p g , t i g e r  
 8 7 2 4 . j p g , t i g e r  
 4 3 5 3 . j p g , t i g e r  
 5 6 3 3 . j p g , t i g e r  
 7 7 6 0 . j p g , t i g e r  
 5 9 6 4 . j p g , t i g e r  
 7 6 4 8 . j p g , t i g e r  
 6 6 7 3 . j p g , t i g e r  
 6 6 6 3 . j p g , t i g e r  
 7 2 7 4 . j p g , t i g e r  
 6 3 9 4 . j p g , t i g e r  
 3 6 5 4 . j p g , t i g e r  
 9 4 8 6 . j p g , t i g e r  
 4 3 7 7 . j p g , t i g e r  
 3 6 6 . j p g , t i g e r  
 3 0 3 . j p g , t i g e r  
 5 7 6 9 . j p g , t i g e r  
 3 1 4 1 . j p g , t i g e r  
 1 7 4 5 . j p g , t i g e r  
 1 9 6 . j p g , t i g e r  
 3 4 9 8 . j p g , t i g e r  
 3 4 0 0 . j p g , t i g e r  
 1 3 7 1 . j p g , t i g e r  
 1 6 9 . j p g , t i g e r  
 3 8 7 1 . j p g , t i g e r  
 8 6 2 5 . j p g , t i g e r  
 2 9 0 5 . j p g , t i g e r  
 6 4 6 4 . j p g , t i g e r  
 9 6 7 2 . j p g , t i g e r  
 6 5 9 1 . j p g , t i g e r  
 8 2 5 8 . j p g , t i g e r  
 2 5 4 7 . j p g , t i g e r  
 8 9 6 0 . j p g , t i g e r  
 9 5 2 5 . j p g , t i g e r  
 4 2 7 1 . j p g , t i g e r  
 3 8 9 5 . j p g , t i g e r  
 5 6 0 4 . j p g , t i g e r  
 5 6 7 8 . j p g , t i g e r  
 8 7 9 5 . j p g , t i g e r  
 7 4 8 3 . j p g , t i g e r  
 6 0 1 0 . j p g , t i g e r  
 5 7 9 0 . j p g , t i g e r  
 6 7 4 . j p g , t i g e r  
 8 8 3 4 . j p g , t i g e r  
 8 3 3 7 . j p g , t i g e r  
 4 0 7 5 . j p g , t i g e r  
 9 7 5 7 . j p g , t i g e r  
 7 5 1 9 . j p g , t i g e r  
 3 5 5 4 . j p g , t i g e r  
 7 6 8 1 . j p g , t i g e r  
 1 6 6 0 . j p g , t i g e r  
 9 4 5 3 . j p g , t i g e r  
 4 2 2 . j p g , t i g e r  
 3 3 8 5 . j p g , t i g e r  
 3 4 8 . j p g , t i g e r  
 7 3 5 3 . j p g , t i g e r  
 4 8 1 . j p g , t i g e r  
 3 1 8 2 . j p g , t i g e r  
 2 8 4 0 . j p g , t i g e r  
 5 7 5 2 . j p g , t i g e r  
 4 5 0 7 . j p g , t i g e r  
 9 3 8 2 . j p g , t i g e r  
 5 7 2 3 . j p g , t i g e r  
 9 7 0 3 . j p g , t i g e r  
 9 7 1 0 . j p g , t i g e r  
 9 6 2 9 . j p g , t i g e r  
 4 7 3 2 . j p g , t i g e r  
 1 4 8 8 . j p g , t i g e r  
 3 6 4 7 . j p g , t i g e r  
 1 8 5 9 . j p g , t i g e r  
 6 0 9 3 . j p g , t i g e r  
 3 7 6 1 . j p g , t i g e r  
 4 6 1 7 . j p g , t i g e r  
 5 4 5 6 . j p g , t i g e r  
 1 3 1 4 . j p g , t i g e r  
 4 2 9 . j p g , t i g e r  
 3 2 8 5 . j p g , t i g e r  
 9 8 6 3 . j p g , t i g e r  
 8 5 5 0 . j p g , t i g e r  
 1 6 4 0 . j p g , t i g e r  
 3 5 1 8 . j p g , t i g e r  
 8 1 3 3 . j p g , t i g e r  
 7 7 1 . j p g , t i g e r  
 6 4 2 4 . j p g , t i g e r  
 3 5 4 5 . j p g , t i g e r  
 7 8 2 . j p g , t i g e r  
 2 6 0 . j p g , t i g e r  
 4 2 7 2 . j p g , t i g e r  
 5 6 7 5 . j p g , t i g e r  
 8 6 4 4 . j p g , t i g e r  
 1 5 0 6 . j p g , t i g e r  
 1 2 9 0 . j p g , t i g e r  
 4 9 9 5 . j p g , t i g e r  
 4 4 8 0 . j p g , t i g e r  
 4 6 1 1 . j p g , t i g e r  
 9 7 2 1 . j p g , t i g e r  
 1 5 8 3 . j p g , t i g e r  
 5 3 0 4 . j p g , t i g e r  
 2 8 6 2 . j p g , t i g e r  
 1 1 3 5 . j p g , t i g e r  
 4 4 2 2 . j p g , t i g e r  
 7 4 6 4 . j p g , t i g e r  
 3 4 0 2 . j p g , t i g e r  
 7 4 3 3 . j p g , t i g e r  
 3 8 6 1 . j p g , t i g e r  
 7 0 8 7 . j p g , t i g e r  
 4 5 1 7 . j p g , t i g e r  
 8 1 6 4 . j p g , t i g e r  
 9 3 0 4 . j p g , t i g e r  
 5 4 2 7 . j p g , t i g e r  
 6 3 0 4 . j p g , t i g e r  
 3 5 4 9 . j p g , t i g e r  
 2 8 0 7 . j p g , t i g e r  
 4 5 5 8 . j p g , t i g e r  
 9 5 6 5 . j p g , t i g e r  
 9 7 5 1 . j p g , t i g e r  
 4 6 1 . j p g , t i g e r  
 2 2 6 6 . j p g , t i g e r  
 7 7 2 9 . j p g , t i g e r  
 6 1 7 5 . j p g , t i g e r  
 6 0 5 . j p g , t i g e r  
 8 3 9 0 . j p g , t i g e r  
 5 7 7 7 . j p g , t i g e r  
 5 8 6 5 . j p g , t i g e r  
 1 9 4 7 . j p g , t i g e r  
 3 6 6 0 . j p g , t i g e r  
 7 7 2 5 . j p g , t i g e r  
 1 0 9 5 . j p g , t i g e r  
 3 8 5 9 . j p g , t i g e r  
 4 4 6 8 . j p g , t i g e r  
 5 8 8 4 . j p g , t i g e r  
 3 0 5 0 . j p g , t i g e r  
 3 5 3 2 . j p g , t i g e r  
 8 9 3 4 . j p g , t i g e r  
 1 5 3 0 . j p g , t i g e r  
 7 4 7 4 . j p g , t i g e r  
 2 7 8 3 . j p g , t i g e r  
 6 3 9 0 . j p g , t i g e r  
 1 9 7 . j p g , t i g e r  
 9 5 7 7 . j p g , t i g e r  
 4 2 4 3 . j p g , t i g e r  
 2 8 7 . j p g , t i g e r  
 8 7 7 3 . j p g , t i g e r  
 7 0 9 6 . j p g , t i g e r  
 5 5 1 1 . j p g , t i g e r  
 2 4 9 7 . j p g , t i g e r  
 7 1 7 4 . j p g , t i g e r  
 4 2 1 1 . j p g , t i g e r  
 8 7 2 2 . j p g , t i g e r  
 2 7 0 2 . j p g , t i g e r  
 5 8 1 9 . j p g , t i g e r  
 4 6 0 . j p g , t i g e r  
 1 8 9 6 . j p g , t i g e r  
 5 0 . j p g , t i g e r  
 8 2 2 7 . j p g , t i g e r  
 1 8 2 3 . j p g , t i g e r  
 1 0 8 6 . j p g , t i g e r  
 7 0 5 6 . j p g , t i g e r  
 3 2 4 5 . j p g , t i g e r  
 8 5 6 6 . j p g , t i g e r  
 1 1 5 9 . j p g , t i g e r  
 2 2 2 7 . j p g , t i g e r  
 1 2 7 9 . j p g , t i g e r  
 7 2 2 6 . j p g , t i g e r  
 6 5 1 9 . j p g , t i g e r  
 1 1 0 7 . j p g , t i g e r  
 8 0 2 . j p g , t i g e r  
 9 0 3 5 . j p g , t i g e r  
 1 . j p g , t i g e r  
 9 1 8 7 . j p g , t i g e r  
 9 5 4 2 . j p g , t i g e r  
 9 1 2 3 . j p g , t i g e r  
 4 2 8 3 . j p g , t i g e r  
 4 2 2 7 . j p g , t i g e r  
 2 9 1 0 . j p g , t i g e r  
 3 7 5 1 . j p g , t i g e r  
 4 6 1 0 . j p g , t i g e r  
 2 8 8 . j p g , t i g e r  
 2 2 5 6 . j p g , t i g e r  
 2 7 9 . j p g , t i g e r  
 7 3 0 4 . j p g , t i g e r  
 8 5 2 3 . j p g , t i g e r  
 5 4 8 4 . j p g , t i g e r  
 5 3 0 1 . j p g , t i g e r  
 2 5 1 3 . j p g , t i g e r  
 3 2 7 7 . j p g , t i g e r  
 8 3 2 . j p g , t i g e r  
 7 7 1 5 . j p g , t i g e r  
 5 0 6 1 . j p g , t i g e r  
 5 3 9 3 . j p g , t i g e r  
 9 9 6 2 . j p g , t i g e r  
 8 3 6 9 . j p g , t i g e r  
 9 4 8 4 . j p g , t i g e r  
 3 9 8 7 . j p g , t i g e r  
 9 1 3 0 . j p g , t i g e r  
 9 8 7 7 . j p g , t i g e r  
 3 9 4 9 . j p g , t i g e r  
 4 3 6 2 . j p g , t i g e r  
 9 4 5 8 . j p g , t i g e r  
 2 3 4 8 . j p g , t i g e r  
 7 3 6 6 . j p g , t i g e r  
 5 7 1 . j p g , t i g e r  
 2 1 0 2 . j p g , t i g e r  
 4 2 2 0 . j p g , t i g e r  
 6 4 9 4 . j p g , t i g e r  
 9 2 0 0 . j p g , t i g e r  
 3 4 0 4 . j p g , t i g e r  
 9 8 1 6 . j p g , t i g e r  
 7 4 3 6 . j p g , t i g e r  
 4 0 7 4 . j p g , t i g e r  
 4 1 2 8 . j p g , t i g e r  
 3 3 6 0 . j p g , t i g e r  
 8 7 9 6 . j p g , t i g e r  
 6 8 5 9 . j p g , t i g e r  
 6 4 7 3 . j p g , t i g e r  
 4 8 0 7 . j p g , t i g e r  
 9 5 2 3 . j p g , t i g e r  
 2 7 3 1 . j p g , t i g e r  
 4 7 3 0 . j p g , t i g e r  
 5 3 7 1 . j p g , t i g e r  
 7 2 8 5 . j p g , t i g e r  
 3 2 5 6 . j p g , t i g e r  
 8 4 5 1 . j p g , t i g e r  
 2 4 0 9 . j p g , t i g e r  
 5 0 8 4 . j p g , t i g e r  
 4 7 8 7 . j p g , t i g e r  
 4 8 5 . j p g , t i g e r  
 2 7 1 . j p g , t i g e r  
 4 1 9 5 . j p g , t i g e r  
 6 4 7 0 . j p g , t i g e r  
 7 3 3 6 . j p g , t i g e r  
 4 6 1 9 . j p g , t i g e r  
 7 5 6 0 . j p g , t i g e r  
 7 0 4 2 . j p g , t i g e r  
 8 9 2 1 . j p g , t i g e r  
 1 1 3 4 . j p g , t i g e r  
 7 6 5 2 . j p g , t i g e r  
 7 6 . j p g , t i g e r  
 6 2 6 2 . j p g , t i g e r  
 7 5 4 6 . j p g , t i g e r  
 6 1 9 3 . j p g , t i g e r  
 5 5 5 4 . j p g , t i g e r  
 2 1 0 4 . j p g , t i g e r  
 6 8 6 4 . j p g , t i g e r  
 9 1 9 3 . j p g , t i g e r  
 8 7 3 2 . j p g , t i g e r  
 8 5 0 9 . j p g , t i g e r  
 6 0 6 . j p g , t i g e r  
 1 5 7 0 . j p g , t i g e r  
 3 8 7 0 . j p g , t i g e r  
 7 9 4 8 . j p g , t i g e r  
 7 3 1 2 . j p g , t i g e r  
 5 2 2 7 . j p g , t i g e r  
 6 0 7 1 . j p g , t i g e r  
 6 2 5 8 . j p g , t i g e r  
 4 5 9 5 . j p g , t i g e r  
 7 9 6 6 . j p g , t i g e r  
 8 7 1 4 . j p g , t i g e r  
 2 3 2 3 . j p g , t i g e r  
 6 2 3 5 . j p g , t i g e r  
 3 6 0 3 . j p g , t i g e r  
 3 3 5 . j p g , t i g e r  
 9 1 7 6 . j p g , t i g e r  
 6 7 6 0 . j p g , t i g e r  
 1 0 3 7 . j p g , t i g e r  
 8 1 3 8 . j p g , t i g e r  
 7 7 9 6 . j p g , t i g e r  
 9 7 6 2 . j p g , t i g e r  
 1 4 7 0 . j p g , t i g e r  
 2 6 6 8 . j p g , t i g e r  
 7 9 7 0 . j p g , t i g e r  
 4 5 8 4 . j p g , t i g e r  
 3 1 5 4 . j p g , t i g e r  
 8 0 3 5 . j p g , t i g e r  
 2 4 0 8 . j p g , t i g e r  
 2 4 9 4 . j p g , t i g e r  
 5 5 6 8 . j p g , t i g e r  
 9 8 9 8 . j p g , t i g e r  
 4 7 0 5 . j p g , t i g e r  
 6 5 0 9 . j p g , t i g e r  
 1 0 9 . j p g , t i g e r  
 2 8 6 4 . j p g , t i g e r  
 2 1 2 0 . j p g , t i g e r  
 7 7 2 . j p g , t i g e r  
 8 0 8 0 . j p g , t i g e r  
 5 5 8 1 . j p g , t i g e r  
 6 1 9 5 . j p g , t i g e r  
 2 3 9 6 . j p g , t i g e r  
 8 3 5 6 . j p g , t i g e r  
 2 2 8 9 . j p g , t i g e r  
 7 8 8 7 . j p g , t i g e r  
 4 2 9 0 . j p g , t i g e r  
 2 2 0 5 . j p g , t i g e r  
 2 5 9 0 . j p g , t i g e r  
 9 1 2 6 . j p g , t i g e r  
 8 2 2 8 . j p g , t i g e r  
 4 3 6 3 . j p g , t i g e r  
 4 6 7 3 . j p g , t i g e r  
 2 5 5 0 . j p g , t i g e r  
 7 6 2 5 . j p g , t i g e r  
 2 9 7 4 . j p g , t i g e r  
 2 0 1 5 . j p g , t i g e r  
 2 2 3 9 . j p g , t i g e r  
 3 2 1 7 . j p g , t i g e r  
 7 8 8 2 . j p g , t i g e r  
 7 7 1 7 . j p g , t i g e r  
 2 8 2 4 . j p g , t i g e r  
 2 7 7 3 . j p g , t i g e r  
 6 4 1 0 . j p g , t i g e r  
 4 4 0 1 . j p g , t i g e r  
 2 7 . j p g , t i g e r  
 6 0 6 6 . j p g , t i g e r  
 2 1 5 3 . j p g , t i g e r  
 8 2 1 1 . j p g , t i g e r  
 8 9 8 5 . j p g , t i g e r  
 4 8 1 9 . j p g , t i g e r  
 2 2 3 . j p g , t i g e r  
 4 5 6 . j p g , t i g e r  
 2 1 8 9 . j p g , t i g e r  
 1 6 4 4 . j p g , t i g e r  
 3 7 2 7 . j p g , t i g e r  
 9 0 2 . j p g , t i g e r  
 6 2 4 5 . j p g , t i g e r  
 1 7 7 . j p g , t i g e r  
 7 4 0 . j p g , t i g e r  
 9 0 0 9 . j p g , t i g e r  
 8 3 3 2 . j p g , t i g e r  
 5 0 5 9 . j p g , t i g e r  
 9 3 4 5 . j p g , t i g e r  
 3 6 8 9 . j p g , t i g e r  
 8 1 8 1 . j p g , t i g e r  
 1 4 9 5 . j p g , t i g e r  
 3 9 4 3 . j p g , t i g e r  
 3 7 0 3 . j p g , t i g e r  
 3 2 4 4 . j p g , t i g e r  
 5 7 0 . j p g , t i g e r  
 8 3 1 2 . j p g , t i g e r  
 7 0 0 1 . j p g , t i g e r  
 2 5 1 5 . j p g , t i g e r  
 8 4 1 3 . j p g , t i g e r  
 8 1 3 . j p g , t i g e r  
 6 1 1 0 . j p g , t i g e r  
 9 2 8 1 . j p g , t i g e r  
 3 0 1 8 . j p g , t i g e r  
 9 6 9 4 . j p g , t i g e r  
 8 7 7 8 . j p g , t i g e r  
 1 0 5 5 . j p g , t i g e r  
 8 4 5 0 . j p g , t i g e r  
 9 7 0 9 . j p g , t i g e r  
 4 0 6 9 . j p g , t i g e r  
 5 3 0 6 . j p g , t i g e r  
 6 1 8 4 . j p g , t i g e r  
 5 8 9 1 . j p g , t i g e r  
 1 5 3 4 . j p g , t i g e r  
 9 2 9 8 . j p g , t i g e r  
 7 8 4 . j p g , t i g e r  
 3 4 3 . j p g , t i g e r  
 1 8 3 0 . j p g , t i g e r  
 4 2 8 6 . j p g , t i g e r  
 6 7 1 0 . j p g , t i g e r  
 3 0 0 5 . j p g , t i g e r  
 4 9 8 7 . j p g , t i g e r  
 4 0 4 . j p g , t i g e r  
 8 6 5 9 . j p g , t i g e r  
 3 7 3 8 . j p g , t i g e r  
 5 3 7 0 . j p g , t i g e r  
 4 1 8 2 . j p g , t i g e r  
 5 0 4 5 . j p g , t i g e r  
 6 5 9 6 . j p g , t i g e r  
 1 2 0 3 . j p g , t i g e r  
 1 5 5 6 . j p g , t i g e r  
 4 0 4 4 . j p g , t i g e r  
 6 4 8 5 . j p g , t i g e r  
 6 1 9 6 . j p g , t i g e r  
 9 3 3 0 . j p g , t i g e r  
 1 6 4 3 . j p g , t i g e r  
 2 3 7 5 . j p g , t i g e r  
 9 5 8 0 . j p g , t i g e r  
 1 4 . j p g , t i g e r  
 6 9 2 6 . j p g , t i g e r  
 6 3 8 3 . j p g , t i g e r  
 8 1 5 2 . j p g , t i g e r  
 3 0 0 7 . j p g , t i g e r  
 3 1 1 3 . j p g , t i g e r  
 4 8 3 2 . j p g , t i g e r  
 4 2 8 . j p g , t i g e r  
 1 8 4 4 . j p g , t i g e r  
 5 6 3 9 . j p g , t i g e r  
 7 2 7 7 . j p g , t i g e r  
 6 2 5 0 . j p g , t i g e r  
 2 1 2 2 . j p g , t i g e r  
 6 2 3 9 . j p g , t i g e r  
 5 2 7 0 . j p g , t i g e r  
 5 4 8 6 . j p g , t i g e r  
 9 3 4 6 . j p g , t i g e r  
 5 4 4 0 . j p g , t i g e r  
 3 6 9 7 . j p g , t i g e r  
 6 0 4 7 . j p g , t i g e r  
 5 7 2 2 . j p g , t i g e r  
 7 0 4 1 . j p g , t i g e r  
 7 4 3 5 . j p g , t i g e r  
 3 4 4 3 . j p g , t i g e r  
 8 1 3 0 . j p g , t i g e r  
 3 8 8 0 . j p g , t i g e r  
 8 5 7 7 . j p g , t i g e r  
 6 3 5 1 . j p g , t i g e r  
 7 4 6 8 . j p g , t i g e r  
 4 6 0 9 . j p g , t i g e r  
 6 4 4 1 . j p g , t i g e r  
 7 7 7 0 . j p g , t i g e r  
 3 2 . j p g , t i g e r  
 5 8 3 7 . j p g , t i g e r  
 4 3 3 8 . j p g , t i g e r  
 1 8 7 9 . j p g , t i g e r  
 4 5 7 6 . j p g , t i g e r  
 3 5 9 5 . j p g , t i g e r  
 5 3 6 4 . j p g , t i g e r  
 7 3 1 5 . j p g , t i g e r  
 1 4 1 3 . j p g , t i g e r  
 5 5 8 9 . j p g , t i g e r  
 4 9 1 3 . j p g , t i g e r  
 2 3 8 . j p g , t i g e r  
 6 8 3 4 . j p g , t i g e r  
 4 8 1 2 . j p g , t i g e r  
 2 9 4 0 . j p g , t i g e r  
 8 7 8 1 . j p g , t i g e r  
 8 3 9 6 . j p g , t i g e r  
 5 2 1 0 . j p g , t i g e r  
 1 9 9 . j p g , t i g e r  
 8 4 5 7 . j p g , t i g e r  
 3 4 8 7 . j p g , t i g e r  
 9 2 7 9 . j p g , t i g e r  
 7 6 4 2 . j p g , t i g e r  
 7 7 8 2 . j p g , t i g e r  
 7 1 2 . j p g , t i g e r  
 3 3 1 5 . j p g , t i g e r  
 2 5 9 9 . j p g , t i g e r  
 8 5 2 7 . j p g , t i g e r  
 3 5 5 3 . j p g , t i g e r  
 8 3 3 6 . j p g , t i g e r  
 2 0 4 5 . j p g , t i g e r  
 4 6 3 4 . j p g , t i g e r  
 2 6 5 5 . j p g , t i g e r  
 7 7 5 . j p g , t i g e r  
 2 1 3 7 . j p g , t i g e r  
 2 6 0 2 . j p g , t i g e r  
 5 5 9 4 . j p g , t i g e r  
 5 5 5 2 . j p g , t i g e r  
 8 2 2 1 . j p g , t i g e r  
 4 8 4 9 . j p g , t i g e r  
 7 3 7 6 . j p g , t i g e r  
 8 0 2 9 . j p g , t i g e r  
 7 7 2 1 . j p g , t i g e r  
 2 6 . j p g , t i g e r  
 4 4 7 2 . j p g , t i g e r  
 1 8 6 6 . j p g , t i g e r  
 6 4 9 6 . j p g , t i g e r  
 7 8 5 2 . j p g , t i g e r  
 1 3 4 4 . j p g , t i g e r  
 6 1 2 3 . j p g , t i g e r  
 2 9 9 9 . j p g , t i g e r  
 7 5 1 0 . j p g , t i g e r  
 2 7 7 0 . j p g , t i g e r  
 8 9 0 0 . j p g , t i g e r  
 1 4 5 0 . j p g , t i g e r  
 1 9 3 1 . j p g , t i g e r  
 5 8 4 3 . j p g , t i g e r  
 4 8 6 2 . j p g , t i g e r  
 2 7 9 6 . j p g , t i g e r  
 9 6 8 7 . j p g , t i g e r  
 6 5 5 . j p g , t i g e r  
 9 5 7 9 . j p g , t i g e r  
 4 1 3 3 . j p g , t i g e r  
 4 4 9 0 . j p g , t i g e r  
 3 1 0 . j p g , t i g e r  
 1 7 8 5 . j p g , t i g e r  
 8 3 7 6 . j p g , t i g e r  
 2 5 3 6 . j p g , t i g e r  
 4 3 3 0 . j p g , t i g e r  
 9 9 6 3 . j p g , t i g e r  
 4 4 7 4 . j p g , t i g e r  
 1 2 0 . j p g , t i g e r  
 5 4 4 4 . j p g , t i g e r  
 3 3 0 8 . j p g , t i g e r  
 8 0 4 4 . j p g , t i g e r  
 4 7 1 9 . j p g , t i g e r  
 9 8 1 3 . j p g , t i g e r  
 8 7 1 8 . j p g , t i g e r  
 9 1 2 8 . j p g , t i g e r  
 3 0 2 . j p g , t i g e r  
 8 5 8 . j p g , t i g e r  
 3 0 0 4 . j p g , t i g e r  
 5 0 4 2 . j p g , t i g e r  
 8 9 1 7 . j p g , t i g e r  
 6 3 4 8 . j p g , t i g e r  
 3 6 5 1 . j p g , t i g e r  
 1 8 7 2 . j p g , t i g e r  
 4 0 1 . j p g , t i g e r  
 1 0 6 3 . j p g , t i g e r  
 6 1 7 7 . j p g , t i g e r  
 9 0 9 5 . j p g , t i g e r  
 4 3 2 4 . j p g , t i g e r  
 1 7 1 8 . j p g , t i g e r  
 3 7 8 6 . j p g , t i g e r  
 1 8 0 6 . j p g , t i g e r  
 2 8 5 7 . j p g , t i g e r  
 5 8 0 . j p g , t i g e r  
 2 9 1 . j p g , t i g e r  
 2 3 1 0 . j p g , t i g e r  
 1 2 1 2 . j p g , t i g e r  
 4 5 0 5 . j p g , t i g e r  
 4 3 8 5 . j p g , t i g e r  
 2 8 7 3 . j p g , t i g e r  
 3 5 6 9 . j p g , t i g e r  
 4 5 2 6 . j p g , t i g e r  
 2 6 7 7 . j p g , t i g e r  
 2 6 7 2 . j p g , t i g e r  
 9 0 6 0 . j p g , t i g e r  
 2 2 8 0 . j p g , t i g e r  
 4 6 2 0 . j p g , t i g e r  
 8 0 7 0 . j p g , t i g e r  
 6 7 0 . j p g , t i g e r  
 5 2 2 0 . j p g , t i g e r  
 3 3 2 7 . j p g , t i g e r  
 1 5 1 1 . j p g , t i g e r  
 2 1 6 7 . j p g , t i g e r  
 1 8 6 2 . j p g , t i g e r  
 7 7 4 5 . j p g , t i g e r  
 8 2 8 7 . j p g , t i g e r  
 6 4 8 4 . j p g , t i g e r  
 9 7 5 2 . j p g , t i g e r  
 6 1 7 . j p g , t i g e r  
 8 7 2 0 . j p g , t i g e r  
 5 6 4 3 . j p g , t i g e r  
 7 2 6 8 . j p g , t i g e r  
 7 1 5 7 . j p g , t i g e r  
 1 1 2 2 . j p g , t i g e r  
 3 4 5 2 . j p g , t i g e r  
 6 1 1 1 . j p g , t i g e r  
 1 1 7 3 . j p g , t i g e r  
 2 3 3 . j p g , t i g e r  
 2 1 3 0 . j p g , t i g e r  
 6 5 7 9 . j p g , t i g e r  
 4 0 3 0 . j p g , t i g e r  
 6 6 4 . j p g , t i g e r  
 4 6 6 0 . j p g , t i g e r  
 7 1 0 7 . j p g , t i g e r  
 2 5 9 1 . j p g , t i g e r  
 9 3 2 7 . j p g , t i g e r  
 4 9 0 5 . j p g , t i g e r  
 5 9 9 6 . j p g , t i g e r  
 3 5 1 4 . j p g , t i g e r  
 6 7 5 0 . j p g , t i g e r  
 2 3 1 3 . j p g , t i g e r  
 4 2 4 2 . j p g , t i g e r  
 1 8 4 0 . j p g , t i g e r  
 9 9 9 2 . j p g , t i g e r  
 1 0 2 7 . j p g , t i g e r  
 1 0 7 . j p g , t i g e r  
 2 9 7 1 . j p g , t i g e r  
 3 9 7 7 . j p g , t i g e r  
 8 0 5 7 . j p g , t i g e r  
 3 0 9 4 . j p g , t i g e r  
 4 6 6 7 . j p g , t i g e r  
 9 6 9 9 . j p g , t i g e r  
 6 8 7 9 . j p g , t i g e r  
 1 6 7 . j p g , t i g e r  
 9 0 1 8 . j p g , t i g e r  
 4 8 2 0 . j p g , t i g e r  
 4 7 4 0 . j p g , t i g e r  
 6 0 8 3 . j p g , t i g e r  
 2 0 4 6 . j p g , t i g e r  
 6 7 6 2 . j p g , t i g e r  
 5 2 6 9 . j p g , t i g e r  
 2 9 9 6 . j p g , t i g e r  
 8 1 2 5 . j p g , t i g e r  
 3 9 7 3 . j p g , t i g e r  
 2 9 8 2 . j p g , t i g e r  
 1 4 1 6 . j p g , t i g e r  
 6 4 1 4 . j p g , t i g e r  
 3 7 9 9 . j p g , t i g e r  
 9 8 2 . j p g , t i g e r  
 7 0 7 8 . j p g , t i g e r  
 5 9 1 2 . j p g , t i g e r  
 1 5 5 . j p g , t i g e r  
 5 3 0 7 . j p g , t i g e r  
 8 4 4 7 . j p g , t i g e r  
 5 3 7 2 . j p g , t i g e r  
 8 5 8 3 . j p g , t i g e r  
 7 9 7 6 . j p g , t i g e r  
 6 8 6 8 . j p g , t i g e r  
 5 1 9 8 . j p g , t i g e r  
 8 1 6 5 . j p g , t i g e r  
 6 9 5 5 . j p g , t i g e r  
 8 6 0 1 . j p g , t i g e r  
 6 1 3 0 . j p g , t i g e r  
 1 6 8 7 . j p g , t i g e r  
 4 2 0 7 . j p g , t i g e r  
 3 9 9 4 . j p g , t i g e r  
 1 2 3 6 . j p g , t i g e r  
 2 5 8 2 . j p g , t i g e r  
 9 5 6 4 . j p g , t i g e r  
 2 1 7 2 . j p g , t i g e r  
 7 3 3 8 . j p g , t i g e r  
 2 9 8 8 . j p g , t i g e r  
 5 9 6 8 . j p g , t i g e r  
 7 9 1 7 . j p g , t i g e r  
 9 5 7 1 . j p g , t i g e r  
 7 8 7 6 . j p g , t i g e r  
 5 7 2 9 . j p g , t i g e r  
 6 2 0 7 . j p g , t i g e r  
 